{
  "name": "moonlightbl",
  "version": "1.0.0",
  "description": "MoonlightBL - Plataforma de Catálogo BL/LGBT",
  "main": "backend/server.py",
  "scripts": {
    "start": "python backend/server.py",
    "build": "cd frontend && npm run build",
    "postinstall": "cd backend && pip install -r requirements.txt && cd ../frontend && npm install"
  },
  "dependencies": {
    "express": "^4.18.2",
    "parse": "^4.0.0",
    "parse-server": "^6.4.0"
  },
  "engines": {
    "node": "18.x",
    "python": "3.9.x"
  },
  "keywords": [
    "bl",
    "lgbt",
    "catalog",
    "streaming",
    "moonlightbl"
  ],
  "author": "MoonlightBL Team",
  "license": "MIT",
  "repository": {
    "type": "git",
    "url": "https://github.com/tu-usuario/moonlightbl.git"
  },
  "back4app": {
    "appName": "MoonlightBL",
    "appType": "web",
    "buildCommand": "cd frontend && npm run build",
    "startCommand": "python backend/server.py",
    "nodeVersion": "18",
    "pythonVersion": "3.9",
    "env": {
      "NODE_ENV": "production",
      "PYTHON_VERSION": "3.9"
    }
  }
}
